task_idx,epoch,train_loss,train_acc,test_loss,test_acc,nc1,nc2,nc3,nc4
0,1,2.9557407331466674,0.20577777777777778,3.0649621963500975,0.2,0.0,0.0,0.0,0.0
0,2,1.7368891191482545,0.20044444444444445,1.643163299560547,0.2,0.0,0.0,0.0,0.0
0,3,1.6251643657684327,0.19466666666666665,1.6197022676467896,0.2,0.0,0.0,0.0,0.0
0,4,1.621002459526062,0.19377777777777777,1.6151878833770752,0.2,0.0,0.0,0.0,0.0
0,5,1.6176348638534546,0.192,1.6222891330718994,0.2,0.0,0.0,0.0,0.0
0,6,1.6209037065505982,0.18488888888888888,1.6130940675735475,0.2,0.0,0.0,0.0,0.0
0,7,1.614158034324646,0.208,1.6125999450683595,0.2,0.0,0.0,0.0,0.0
0,8,1.612499852180481,0.18444444444444444,1.6095017910003662,0.2,0.0,0.0,0.0,0.0
0,9,1.6126842498779297,0.18888888888888888,1.6101450443267822,0.2,0.0,0.0,0.0,0.0
0,10,1.6127624750137328,0.18488888888888888,1.6104121685028077,0.2,"tensor(10.3622, device='cuda:0')",0.002273865044116974,0.9935638308525085,0.16
0,11,1.6116968965530396,0.19955555555555557,1.6097434282302856,0.2,0.0,0.0,0.0,0.0
0,12,1.6120420694351196,0.2008888888888889,1.6141119956970216,0.2,0.0,0.0,0.0,0.0
0,13,1.614518675804138,0.20666666666666667,1.6110561847686768,0.2,0.0,0.0,0.0,0.0
0,14,1.5738434505462646,0.29288888888888887,2.251287031173706,0.2,0.0,0.0,0.0,0.0
0,15,1.508819351196289,0.3,2.918810415267944,0.2,0.0,0.0,0.0,0.0
0,16,1.3351451015472413,0.4017777777777778,3.2137232780456544,0.2,0.0,0.0,0.0,0.0
0,17,1.2825923347473145,0.43822222222222224,4.719627952575683,0.2,0.0,0.0,0.0,0.0
0,18,1.2488633298873901,0.47333333333333333,3.661339616775513,0.264,0.0,0.0,0.0,0.0
0,19,1.2357367610931396,0.484,2.3327382087707518,0.2,0.0,0.0,0.0,0.0
0,20,1.235274772644043,0.49066666666666664,2.5072782039642334,0.2,"tensor(8.6458, device='cuda:0')",0.15323768556118011,1.0389795303344727,0.09
0,21,1.1939004564285278,0.5057777777777778,2.3777127265930176,0.2,0.0,0.0,0.0,0.0
0,22,1.1094425630569458,0.5497777777777778,4.1655372142791744,0.2,0.0,0.0,0.0,0.0
0,23,1.034266347885132,0.5822222222222222,12.969054031372071,0.2,0.0,0.0,0.0,0.0
0,24,0.9649734902381897,0.6186666666666667,16.1968656539917,0.2,0.0,0.0,0.0,0.0
0,25,0.9224018716812133,0.6217777777777778,4.84126844406128,0.2,0.0,0.0,0.0,0.0
0,26,0.8487582612037659,0.6595555555555556,3.1982648849487303,0.26,0.0,0.0,0.0,0.0
0,27,0.8246603775024414,0.6635555555555556,5.802079391479492,0.2,0.0,0.0,0.0,0.0
0,28,0.8038434600830078,0.6728888888888889,5.8062718391418455,0.202,0.0,0.0,0.0,0.0
0,29,0.7137954998016357,0.7271111111111112,6.517969703674316,0.2,0.0,0.0,0.0,0.0
0,30,0.7116692900657654,0.7137777777777777,2.2001893758773803,0.176,"tensor(9.1239, device='cuda:0')",0.46529558300971985,0.9312681555747986,0.166
0,31,0.6545001018047333,0.7431111111111111,41.64795074462891,0.2,0.0,0.0,0.0,0.0
0,32,0.6186526370048523,0.7515555555555555,3.8525654315948485,0.2,0.0,0.0,0.0,0.0
0,33,0.560410522222519,0.7844444444444445,3.585878276824951,0.218,0.0,0.0,0.0,0.0
0,34,0.5343623113632202,0.7902222222222223,5.958945369720459,0.286,0.0,0.0,0.0,0.0
0,35,0.45478052854537965,0.8302222222222222,5.746382141113282,0.198,0.0,0.0,0.0,0.0
0,36,0.40098837852478025,0.852,19.029656219482423,0.2,0.0,0.0,0.0,0.0
0,37,0.3756874740123749,0.8586666666666667,4.557072019577026,0.2,0.0,0.0,0.0,0.0
0,38,0.3208460980653763,0.8813333333333333,11.537089729309082,0.2,0.0,0.0,0.0,0.0
0,39,0.276664103269577,0.8995555555555556,8.931917572021485,0.2,0.0,0.0,0.0,0.0
0,40,0.20676154136657715,0.9275555555555556,4.7047765254974365,0.248,"tensor(8.7971, device='cuda:0')",0.13521116971969604,0.9886490106582642,0.248
0,41,0.1650846353173256,0.9502222222222222,2.4654391765594483,0.37,0.0,0.0,0.0,0.0
0,42,0.13563987374305725,0.9502222222222222,5.83990707397461,0.202,0.0,0.0,0.0,0.0
0,43,0.11857086718082428,0.9604444444444444,14.36177043914795,0.2,0.0,0.0,0.0,0.0
0,44,0.12761170357465745,0.9537777777777777,7.808967781066895,0.2,0.0,0.0,0.0,0.0
0,45,0.112257589250803,0.9564444444444444,18.562113189697264,0.2,0.0,0.0,0.0,0.0
0,46,0.11150086298584938,0.9617777777777777,11.938554000854491,0.2,0.0,0.0,0.0,0.0
0,47,0.07391204833984374,0.9782222222222222,8.82820634841919,0.2,0.0,0.0,0.0,0.0
0,48,0.04857909306883812,0.9862222222222222,8.353537654876709,0.2,0.0,0.0,0.0,0.0
0,49,0.038031848184764384,0.9888888888888889,4.542842960357666,0.208,0.0,0.0,0.0,0.0
0,50,0.01790409252047539,0.9977777777777778,6.579220867156982,0.2,"tensor(5.9954, device='cuda:0')",0.22087499499320984,0.9847832918167114,0.196
0,51,0.010195173518732191,0.9995555555555555,4.170314311981201,0.218,0.0,0.0,0.0,0.0
0,52,0.01819859896786511,0.9946666666666667,3.1658451080322267,0.2,0.0,0.0,0.0,0.0
0,53,0.03363440265879035,0.9888888888888889,6.14761962890625,0.2,0.0,0.0,0.0,0.0
0,54,0.027705005668103695,0.9933333333333333,7.012845993041992,0.234,0.0,0.0,0.0,0.0
0,55,0.037091170325875285,0.9888888888888889,11.464045333862305,0.2,0.0,0.0,0.0,0.0
0,56,0.04383858341723681,0.9871111111111112,5.225114631652832,0.212,0.0,0.0,0.0,0.0
0,57,0.054322102665901185,0.984,2.2347234964370726,0.432,0.0,0.0,0.0,0.0
0,58,0.045155035145580766,0.9875555555555555,4.7204183578491214,0.198,0.0,0.0,0.0,0.0
0,59,0.050613392144441605,0.9822222222222222,16.693791961669923,0.2,0.0,0.0,0.0,0.0
0,60,0.06066963210701942,0.9791111111111112,24.978883361816408,0.2,"tensor(11.2329, device='cuda:0')",0.04064946249127388,0.9981951117515564,0.298
0,61,0.02837002769112587,0.9933333333333333,11.560502815246583,0.184,0.0,0.0,0.0,0.0
0,62,0.016420724987983703,0.9955555555555555,3.4816353797912596,0.2,0.0,0.0,0.0,0.0
0,63,0.006624753624200821,0.9995555555555555,6.754156398773193,0.2,0.0,0.0,0.0,0.0
0,64,0.0037883626343682406,1.0,5.057045841217041,0.206,0.0,0.0,0.0,0.0
0,65,0.0022048488166183234,1.0,1.6127228736877441,0.63,0.0,0.0,0.0,0.0
0,66,0.0014218082069419324,1.0,2.604725885391235,0.366,0.0,0.0,0.0,0.0
0,67,0.0014718422549776732,1.0,2.5469392776489257,0.464,0.0,0.0,0.0,0.0
0,68,0.0011474076053127646,1.0,2.8151390075683596,0.286,0.0,0.0,0.0,0.0
0,69,0.0013124820264056325,1.0,2.923477363586426,0.224,0.0,0.0,0.0,0.0
0,70,0.0012263991963118316,1.0,2.63961238861084,0.334,"tensor(3.8178, device='cuda:0')",0.4232165515422821,0.6251253485679626,0.424
0,71,0.0013099812413565814,1.0,2.6884127140045164,0.272,0.0,0.0,0.0,0.0
0,72,0.0013294075266458093,1.0,2.8649429798126222,0.286,0.0,0.0,0.0,0.0
0,73,0.0014178547891788185,1.0,2.6721779823303224,0.324,0.0,0.0,0.0,0.0
0,74,0.0012006156682036818,1.0,2.3284053564071656,0.408,0.0,0.0,0.0,0.0
0,75,0.0012148340418934823,1.0,2.573472595214844,0.258,0.0,0.0,0.0,0.0
0,76,0.0012370530795305966,1.0,2.475177192687988,0.334,0.0,0.0,0.0,0.0
0,77,0.0013125638710334898,1.0,2.7063057899475096,0.268,0.0,0.0,0.0,0.0
0,78,0.0012253913213498891,1.0,2.740759754180908,0.25,0.0,0.0,0.0,0.0
0,79,0.0011962559702806174,1.0,2.5122469425201417,0.3,0.0,0.0,0.0,0.0
0,80,0.0013554453244432807,1.0,2.372682785987854,0.336,"tensor(4.2318, device='cuda:0')",0.41941365599632263,0.6292782425880432,0.414
0,81,0.0013893362507224082,1.0,2.5935450077056883,0.252,0.0,0.0,0.0,0.0
0,82,0.0013443927583284675,1.0,2.3848474502563475,0.372,0.0,0.0,0.0,0.0
0,83,0.0012924243696033955,1.0,2.4391709327697755,0.316,0.0,0.0,0.0,0.0
0,84,0.0012227219855412842,1.0,2.279857039451599,0.364,0.0,0.0,0.0,0.0
0,85,0.0011803119839169085,1.0,2.613945484161377,0.236,0.0,0.0,0.0,0.0
0,86,0.0014041774370707571,1.0,2.7401878356933596,0.296,0.0,0.0,0.0,0.0
0,87,0.0014953203941695393,1.0,2.440811014175415,0.352,0.0,0.0,0.0,0.0
0,88,0.001412276995833963,1.0,2.494285821914673,0.28,0.0,0.0,0.0,0.0
0,89,0.0011940957000479103,1.0,2.4788169384002687,0.33,0.0,0.0,0.0,0.0
0,90,0.0012936069210991263,1.0,2.647663688659668,0.242,"tensor(5.2607, device='cuda:0')",0.3511323034763336,0.7534481287002563,0.204
0,91,0.0015897949365898966,1.0,2.5878289222717283,0.284,0.0,0.0,0.0,0.0
0,92,0.0014127152040600776,1.0,2.5347762584686278,0.284,0.0,0.0,0.0,0.0
0,93,0.0014163789572194218,1.0,1.563473629951477,0.568,0.0,0.0,0.0,0.0
0,94,0.0013967817393131553,1.0,2.98523530960083,0.208,0.0,0.0,0.0,0.0
0,95,0.0014617852913215755,1.0,2.4158355712890627,0.326,0.0,0.0,0.0,0.0
0,96,0.0014518635929562152,1.0,2.6743353843688964,0.208,0.0,0.0,0.0,0.0
0,97,0.0013977397885173558,1.0,2.14593026638031,0.426,0.0,0.0,0.0,0.0
0,98,0.00136941832723096,1.0,2.6885354042053224,0.23,0.0,0.0,0.0,0.0
0,99,0.0015035264170728624,1.0,2.4571166038513184,0.266,0.0,0.0,0.0,0.0
0,100,0.0014174592797644436,1.0,2.589762783050537,0.232,"tensor(5.5990, device='cuda:0')",0.323729008436203,0.7723800539970398,0.176
0,101,0.0012008641916327178,1.0,2.773247003555298,0.21,0.0,0.0,0.0,0.0
0,102,0.0011575249093584716,1.0,3.2840904712677004,0.252,0.0,0.0,0.0,0.0
0,103,0.0012065954599529505,1.0,2.5553751945495606,0.26,0.0,0.0,0.0,0.0
0,104,0.0014216808578930795,1.0,2.446857452392578,0.33,0.0,0.0,0.0,0.0
0,105,0.0012931221746839583,1.0,2.1793468475341795,0.404,0.0,0.0,0.0,0.0
0,106,0.0011422948120161892,1.0,2.5812705039978026,0.242,0.0,0.0,0.0,0.0
0,107,0.0012280066148377955,1.0,2.6207597255706787,0.24,0.0,0.0,0.0,0.0
0,108,0.0011572999274358153,1.0,2.680414628982544,0.23,0.0,0.0,0.0,0.0
0,109,0.0010724318446591497,1.0,2.608116102218628,0.274,0.0,0.0,0.0,0.0
0,110,0.0010526463529095054,1.0,2.258393430709839,0.358,"tensor(3.0172, device='cuda:0')",0.4610916078090668,0.5579528212547302,0.464
0,111,0.0009888558858074249,1.0,2.5879594326019286,0.224,0.0,0.0,0.0,0.0
0,112,0.0013253286597318947,1.0,2.462748622894287,0.322,0.0,0.0,0.0,0.0
0,113,0.0013221944100223482,1.0,1.9548045873641968,0.396,0.0,0.0,0.0,0.0
0,114,0.0012308390415273606,1.0,2.342243480682373,0.294,0.0,0.0,0.0,0.0
0,115,0.0011360936192795635,1.0,2.4073411226272583,0.258,0.0,0.0,0.0,0.0
0,116,0.0011365558556281031,1.0,2.5929634094238283,0.288,0.0,0.0,0.0,0.0
0,117,0.0012873193412087857,1.0,2.5469080924987795,0.344,0.0,0.0,0.0,0.0
0,118,0.0013000866770744323,1.0,1.8854013204574585,0.492,0.0,0.0,0.0,0.0
0,119,0.0011789929796941578,1.0,2.177985954284668,0.412,0.0,0.0,0.0,0.0
0,120,0.0009702939097769558,1.0,2.761159324645996,0.216,"tensor(6.4715, device='cuda:0')",0.2923697531223297,0.8225652575492859,0.218
0,121,0.0011033557332120836,1.0,2.8999329090118406,0.2,0.0,0.0,0.0,0.0
0,122,0.0010257799876853824,1.0,2.8583709239959716,0.248,0.0,0.0,0.0,0.0
0,123,0.0011713860277086496,1.0,2.01380832195282,0.456,0.0,0.0,0.0,0.0
0,124,0.12098293693736195,0.9777777777777777,213.27767333984374,0.2,0.0,0.0,0.0,0.0
0,125,1.2752436709403991,0.5084444444444445,59.83079223632812,0.2,0.0,0.0,0.0,0.0
0,126,1.0287535429000854,0.5862222222222222,1.9648197650909425,0.2,0.0,0.0,0.0,0.0
0,127,0.8988680124282837,0.6426666666666667,8.481335067749024,0.2,0.0,0.0,0.0,0.0
0,128,0.8186563515663147,0.6737777777777778,8.807248497009278,0.2,0.0,0.0,0.0,0.0
0,129,0.7804628705978394,0.6991111111111111,5.511416435241699,0.318,0.0,0.0,0.0,0.0
0,130,0.7264756059646607,0.7186666666666667,2.4589775085449217,0.238,"tensor(6.6028, device='cuda:0')",0.46898195147514343,0.7790045142173767,0.254
0,131,0.6716889810562133,0.7355555555555555,7.396668338775635,0.2,0.0,0.0,0.0,0.0
0,132,0.5953044104576111,0.7737777777777778,2.153259539604187,0.2,0.0,0.0,0.0,0.0
0,133,0.5610684728622437,0.7826666666666666,8.844697666168212,0.2,0.0,0.0,0.0,0.0
0,134,0.48236385941505433,0.816,17.528125762939453,0.2,0.0,0.0,0.0,0.0
0,135,0.4304592645168304,0.8368888888888889,23.1465202331543,0.2,0.0,0.0,0.0,0.0
0,136,0.4123906672000885,0.8342222222222222,7.2368989944458,0.2,0.0,0.0,0.0,0.0
0,137,0.40051922559738157,0.8435555555555555,5.515585231781006,0.2,0.0,0.0,0.0,0.0
0,138,0.32316574215888977,0.8773333333333333,18.483061599731446,0.2,0.0,0.0,0.0,0.0
0,139,0.24412817001342774,0.9088888888888889,48.490989685058594,0.2,0.0,0.0,0.0,0.0
0,140,0.19277534663677215,0.928,4.019620323181153,0.2,"tensor(9.2220, device='cuda:0')",0.22079968452453613,0.9667397737503052,0.246
0,141,0.15830194294452668,0.944,7.565158271789551,0.2,0.0,0.0,0.0,0.0
0,142,0.12776635304093362,0.9595555555555556,19.39961051940918,0.2,0.0,0.0,0.0,0.0
0,143,0.11610099986195564,0.9595555555555556,3.919059944152832,0.256,0.0,0.0,0.0,0.0
0,144,0.1174279773235321,0.9555555555555556,5.054576778411866,0.2,0.0,0.0,0.0,0.0
0,145,0.13478608056902885,0.9533333333333334,5.069625949859619,0.2,0.0,0.0,0.0,0.0
0,146,0.12363502264022827,0.9524444444444444,3.5629977703094484,0.206,0.0,0.0,0.0,0.0
0,147,0.12423761203885078,0.9573333333333334,2.6374185562133787,0.252,0.0,0.0,0.0,0.0
0,148,0.07605120658874512,0.9768888888888889,4.789769792556763,0.238,0.0,0.0,0.0,0.0
0,149,0.0702869376540184,0.976,33.42134170532226,0.2,0.0,0.0,0.0,0.0
0,150,0.06469972427934408,0.9773333333333334,19.133280563354493,0.2,"tensor(16.3879, device='cuda:0')",0.07854264974594116,0.9928245544433594,0.108
0,151,0.06017053835093975,0.9804444444444445,11.52083911895752,0.206,0.0,0.0,0.0,0.0
0,152,0.027000397611409425,0.9933333333333333,8.135143756866455,0.202,0.0,0.0,0.0,0.0
0,153,0.014049802282825112,0.9973333333333333,3.3339712619781494,0.164,0.0,0.0,0.0,0.0
0,154,0.006362547944299877,0.9995555555555555,12.416031837463379,0.2,0.0,0.0,0.0,0.0
0,155,0.002655915482901037,1.0,8.187448978424072,0.2,0.0,0.0,0.0,0.0
0,156,0.0020512458262965084,1.0,2.4977198600769044,0.328,0.0,0.0,0.0,0.0
0,157,0.0020021856343373657,1.0,1.7822217226028443,0.564,0.0,0.0,0.0,0.0
0,158,0.0014714177325367928,1.0,3.0958316326141357,0.214,0.0,0.0,0.0,0.0
0,159,0.0012649541278369726,1.0,2.4746407508850097,0.222,0.0,0.0,0.0,0.0
0,160,0.0013863704982213676,1.0,2.4855876207351684,0.34,"tensor(3.8626, device='cuda:0')",0.519662082195282,0.5036185383796692,0.404
0,161,0.0011531056836247445,1.0,2.571283388137817,0.252,0.0,0.0,0.0,0.0
0,162,0.0012974797701463103,1.0,2.402127742767334,0.238,0.0,0.0,0.0,0.0
0,163,0.0010392264230176806,1.0,2.222265625,0.334,0.0,0.0,0.0,0.0
0,164,0.0012996941339224577,1.0,3.2314295291900637,0.232,0.0,0.0,0.0,0.0
0,165,0.001217003099154681,1.0,2.5459912776947022,0.284,0.0,0.0,0.0,0.0
0,166,0.0013290745508857072,1.0,2.1473506689071655,0.218,0.0,0.0,0.0,0.0
0,167,0.0012384177278727292,1.0,2.385515594482422,0.214,0.0,0.0,0.0,0.0
0,168,0.0012138445512391628,1.0,2.3244813442230225,0.268,0.0,0.0,0.0,0.0
0,169,0.00115375985391438,1.0,2.4058266639709474,0.206,0.0,0.0,0.0,0.0
0,170,0.0014462959091179073,1.0,2.199190139770508,0.254,"tensor(7.2130, device='cuda:0')",0.455072820186615,0.7912014126777649,0.13
0,171,0.0013619454950094224,1.0,2.0462564706802366,0.296,0.0,0.0,0.0,0.0
0,172,0.0011723738186992705,1.0,2.355169153213501,0.224,0.0,0.0,0.0,0.0
0,173,0.0012048999080434442,1.0,2.152268171310425,0.324,0.0,0.0,0.0,0.0
0,174,0.0013347939238883555,1.0,2.9345118045806884,0.182,0.0,0.0,0.0,0.0
0,175,0.0012628499302081765,1.0,1.9898055076599122,0.342,0.0,0.0,0.0,0.0
0,176,0.0012643300229683518,1.0,2.0102550983428955,0.244,0.0,0.0,0.0,0.0
0,177,0.001263135029003024,1.0,2.074524474143982,0.228,0.0,0.0,0.0,0.0
0,178,0.0014501815312542021,1.0,2.688508319854736,0.19,0.0,0.0,0.0,0.0
0,179,0.0012288069515489042,1.0,2.1033032894134522,0.238,0.0,0.0,0.0,0.0
0,180,0.0015490075503475963,1.0,2.817870855331421,0.19,"tensor(9.2904, device='cuda:0')",0.4568667709827423,0.8689693808555603,0.136
0,181,0.0013316231197677553,1.0,2.546953725814819,0.192,0.0,0.0,0.0,0.0
0,182,0.0011454575974494219,1.0,2.207810115814209,0.28,0.0,0.0,0.0,0.0
0,183,0.0013326552766375244,1.0,6.003233432769775,0.202,0.0,0.0,0.0,0.0
0,184,0.0012337480555288493,1.0,3.7849173545837402,0.196,0.0,0.0,0.0,0.0
0,185,0.001377746204379946,1.0,2.5085898876190185,0.224,0.0,0.0,0.0,0.0
0,186,0.0012434060033410788,1.0,1.9636831045150758,0.276,0.0,0.0,0.0,0.0
0,187,0.001222809760365635,1.0,3.150441360473633,0.198,0.0,0.0,0.0,0.0
0,188,0.001302678098436445,1.0,2.1324064254760744,0.228,0.0,0.0,0.0,0.0
0,189,0.0012887422111816705,1.0,1.979176926612854,0.29,0.0,0.0,0.0,0.0
0,190,0.0011941784154623747,1.0,2.133912134170532,0.298,"tensor(7.7507, device='cuda:0')",0.4757586419582367,0.6372900009155273,0.272
0,191,0.0012361745443195105,1.0,4.050269031524659,0.202,0.0,0.0,0.0,0.0
0,192,0.001382982956711203,1.0,2.4665849685668944,0.204,0.0,0.0,0.0,0.0
0,193,0.001186491078697145,1.0,2.008354115486145,0.22,0.0,0.0,0.0,0.0
0,194,0.0011820114636793733,1.0,4.519486379623413,0.208,0.0,0.0,0.0,0.0
0,195,0.0012003122037276626,1.0,2.612080764770508,0.184,0.0,0.0,0.0,0.0
0,196,0.0013808409008197486,1.0,2.346926140785217,0.254,0.0,0.0,0.0,0.0
0,197,0.0015971209644339978,1.0,6.830667018890381,0.2,0.0,0.0,0.0,0.0
0,198,0.10425072678364813,0.96,21.522821807861327,0.2,0.0,0.0,0.0,0.0
0,199,0.513303415775299,0.8071111111111111,160.44131469726562,0.2,0.0,0.0,0.0,0.0
0,200,0.47066459894180296,0.8257777777777778,15.698407936096192,0.2,"tensor(14.5545, device='cuda:0')",0.039591122418642044,1.0024330615997314,0.366
1,1,2.875156397819519,0.1991111111111111,3.17630672454834,0.2,0.0,0.0,0.0,0.0
1,2,1.6767706537246705,0.19155555555555556,1.639275860786438,0.2,0.0,0.0,0.0,0.0
1,3,1.640496997833252,0.1968888888888889,1.6177165985107422,0.2,0.0,0.0,0.0,0.0
1,4,1.6269489908218384,0.19866666666666666,1.6218189954757691,0.2,0.0,0.0,0.0,0.0
1,5,1.61938374042511,0.20177777777777778,1.620735263824463,0.2,0.0,0.0,0.0,0.0
1,6,1.6193259048461914,0.19511111111111112,1.6131649732589721,0.2,0.0,0.0,0.0,0.0
1,7,1.6156073379516602,0.1968888888888889,1.6156667709350585,0.2,0.0,0.0,0.0,0.0
1,8,1.6151252508163452,0.20133333333333334,1.6187725067138672,0.2,0.0,0.0,0.0,0.0
1,9,1.6179488039016723,0.18622222222222223,1.6143941640853883,0.2,0.0,0.0,0.0,0.0
1,10,1.6144813632965087,0.19244444444444445,1.6104705333709717,0.2,"tensor(7.5454, device='cuda:0')",0.008157861419022083,0.9731981158256531,0.102
1,11,1.61471200466156,0.20177777777777778,1.6198330163955688,0.2,0.0,0.0,0.0,0.0
1,12,1.6147835540771485,0.196,1.610654616355896,0.2,0.0,0.0,0.0,0.0
1,13,1.6104511880874635,0.192,1.6115755796432496,0.2,0.0,0.0,0.0,0.0
1,14,1.6161032581329347,0.20222222222222222,1.61727876663208,0.2,0.0,0.0,0.0,0.0
1,15,1.6131484842300414,0.19733333333333333,1.611376953125,0.2,0.0,0.0,0.0,0.0
1,16,1.6128426885604858,0.19511111111111112,1.6134591341018676,0.2,0.0,0.0,0.0,0.0
1,17,1.6146687984466552,0.18844444444444444,1.610218381881714,0.2,0.0,0.0,0.0,0.0
1,18,1.611557321548462,0.19466666666666665,1.6107044458389281,0.2,0.0,0.0,0.0,0.0
1,19,1.610876703262329,0.2071111111111111,1.6098450422286987,0.2,0.0,0.0,0.0,0.0
1,20,1.6108417987823487,0.1902222222222222,1.6102778434753418,0.2,"tensor(11.4464, device='cuda:0')",0.014217234216630459,0.9682163596153259,0.288
1,21,1.6121229648590087,0.18888888888888888,1.6106667518615723,0.2,0.0,0.0,0.0,0.0
1,22,1.611561894416809,0.19555555555555557,1.6106670379638672,0.2,0.0,0.0,0.0,0.0
1,23,1.6125746774673462,0.18088888888888888,1.61126389503479,0.2,0.0,0.0,0.0,0.0
1,24,1.6116777324676514,0.20755555555555555,1.6107599258422851,0.2,0.0,0.0,0.0,0.0
1,25,1.612687954902649,0.19733333333333333,1.6105970382690429,0.2,0.0,0.0,0.0,0.0
1,26,1.6116309595108032,0.21155555555555555,1.6090853929519653,0.2,0.0,0.0,0.0,0.0
1,27,1.6100883722305297,0.19777777777777777,1.609704351425171,0.2,0.0,0.0,0.0,0.0
1,28,1.6108288955688477,0.22755555555555557,1.6081968069076538,0.2,0.0,0.0,0.0,0.0
1,29,1.6091402673721313,0.21688888888888888,1.6112860679626464,0.2,0.0,0.0,0.0,0.0
1,30,1.5687936305999757,0.3022222222222222,6.809643840789795,0.2,"tensor(22.4920, device='cuda:0')",0.08678022027015686,1.0212596654891968,0.134
1,31,1.253378653526306,0.45911111111111114,47.21489639282227,0.2,0.0,0.0,0.0,0.0
1,32,1.1307123589515686,0.5142222222222222,37.21444931030273,0.2,0.0,0.0,0.0,0.0
1,33,1.007741801738739,0.5884444444444444,276.9748962402344,0.2,0.0,0.0,0.0,0.0
1,34,0.9048651218414306,0.6395555555555555,20.970732116699217,0.2,0.0,0.0,0.0,0.0
1,35,0.8105081295967103,0.6675555555555556,10.115615272521973,0.19,0.0,0.0,0.0,0.0
1,36,0.8219846487045288,0.6671111111111111,14.363530921936036,0.2,0.0,0.0,0.0,0.0
1,37,0.7984779572486878,0.6657777777777778,51.941148376464845,0.2,0.0,0.0,0.0,0.0
1,38,0.7815423774719238,0.6906666666666667,13.602214431762695,0.2,0.0,0.0,0.0,0.0
1,39,0.7348997497558594,0.7044444444444444,66.54106903076172,0.2,0.0,0.0,0.0,0.0
1,40,0.7106288862228394,0.7226666666666667,9.163685607910157,0.2,"tensor(6.8907, device='cuda:0')",0.148969367146492,0.9694162607192993,0.246
1,41,0.7177186417579651,0.7226666666666667,94.49585876464843,0.2,0.0,0.0,0.0,0.0
1,42,0.6782153773307801,0.732,13.212979698181153,0.2,0.0,0.0,0.0,0.0
1,43,0.6590811431407928,0.7417777777777778,25.959970474243164,0.2,0.0,0.0,0.0,0.0
1,44,0.6148245549201965,0.7586666666666667,5.687308597564697,0.186,0.0,0.0,0.0,0.0
1,45,0.6039364528656006,0.7653333333333333,51.31193542480469,0.2,0.0,0.0,0.0,0.0
1,46,0.5610347068309784,0.7808888888888889,5.940270805358887,0.2,0.0,0.0,0.0,0.0
1,47,0.5294881725311279,0.7915555555555556,102.3916000366211,0.2,0.0,0.0,0.0,0.0
1,48,0.5141657841205597,0.7986666666666666,9.997480392456055,0.2,0.0,0.0,0.0,0.0
1,49,0.455987241268158,0.8244444444444444,14.75399284362793,0.2,0.0,0.0,0.0,0.0
1,50,0.359993656873703,0.8604444444444445,8.26107053756714,0.2,"tensor(5.9030, device='cuda:0')",0.10319805890321732,0.9753060340881348,0.212
1,51,0.3278146278858185,0.8746666666666667,28.06114730834961,0.2,0.0,0.0,0.0,0.0
1,52,0.3096633285284042,0.8893333333333333,19.565724182128907,0.16,0.0,0.0,0.0,0.0
1,53,0.24194542646408082,0.9146666666666666,12.484762954711915,0.2,0.0,0.0,0.0,0.0
1,54,0.19171850115060807,0.9333333333333333,52.0611572265625,0.2,0.0,0.0,0.0,0.0
1,55,0.16225481599569322,0.9422222222222222,361.9802001953125,0.2,0.0,0.0,0.0,0.0
1,56,0.11416856929659844,0.9631111111111111,15.35725440979004,0.2,0.0,0.0,0.0,0.0
1,57,0.08362793639302253,0.9733333333333334,8.885332679748535,0.2,0.0,0.0,0.0,0.0
1,58,0.08192661561071873,0.9742222222222222,8.119352340698242,0.2,0.0,0.0,0.0,0.0
1,59,0.0979627799987793,0.9684444444444444,6.201918888092041,0.294,0.0,0.0,0.0,0.0
1,60,0.08912408173084259,0.9693333333333334,96.46635589599609,0.2,"tensor(8.9192, device='cuda:0')",0.1875205636024475,0.9925519824028015,0.226
1,61,0.10115181528031826,0.9653333333333334,8.469744300842285,0.2,0.0,0.0,0.0,0.0
1,62,0.07683521136641502,0.9742222222222222,52.6306510925293,0.2,0.0,0.0,0.0,0.0
1,63,0.03717703524976969,0.9906666666666667,11.187423133850098,0.2,0.0,0.0,0.0,0.0
1,64,0.048388180695474146,0.9848888888888889,11.326023483276368,0.2,0.0,0.0,0.0,0.0
1,65,0.031327262818813324,0.992,54.46690216064453,0.2,0.0,0.0,0.0,0.0
1,66,0.019814625158905984,0.9946666666666667,6.3101935386657715,0.316,0.0,0.0,0.0,0.0
1,67,0.007328060055151582,0.9995555555555555,8.649431705474854,0.33,0.0,0.0,0.0,0.0
1,68,0.0034283006424084307,0.9995555555555555,17.54487762451172,0.2,0.0,0.0,0.0,0.0
1,69,0.001844518252182752,1.0,6.615177917480469,0.322,0.0,0.0,0.0,0.0
1,70,0.0014787171361967922,1.0,5.645309162139893,0.376,"tensor(5.6075, device='cuda:0')",0.7483410239219666,0.5830564498901367,0.48
1,71,0.0011475265328772365,1.0,6.265362167358399,0.346,0.0,0.0,0.0,0.0
1,72,0.001213276539929211,1.0,6.061316871643067,0.362,0.0,0.0,0.0,0.0
1,73,0.0013622968737035989,1.0,6.479339122772217,0.354,0.0,0.0,0.0,0.0
1,74,0.0010628630383871496,1.0,5.72557373046875,0.384,0.0,0.0,0.0,0.0
1,75,0.0011523182783275843,1.0,6.068126678466797,0.366,0.0,0.0,0.0,0.0
1,76,0.0010039238329045475,1.0,6.177435970306396,0.348,0.0,0.0,0.0,0.0
1,77,0.0012294399039819836,1.0,6.242327117919922,0.354,0.0,0.0,0.0,0.0
1,78,0.0011917053977958858,1.0,5.419141483306885,0.396,0.0,0.0,0.0,0.0
1,79,0.0011973110539838672,1.0,6.377950191497803,0.344,0.0,0.0,0.0,0.0
1,80,0.0012746914708986878,1.0,5.583535003662109,0.394,"tensor(5.5764, device='cuda:0')",0.734277606010437,0.6694685220718384,0.494
1,81,0.0012695444165728986,1.0,6.438207817077637,0.344,0.0,0.0,0.0,0.0
1,82,0.001134504247456789,1.0,5.525528335571289,0.37,0.0,0.0,0.0,0.0
1,83,0.0014425047021359204,1.0,6.629176902770996,0.324,0.0,0.0,0.0,0.0
1,84,0.0011070536565966904,1.0,4.954272747039795,0.414,0.0,0.0,0.0,0.0
1,85,0.001087287145201117,1.0,6.0438579559326175,0.37,0.0,0.0,0.0,0.0
1,86,0.0010248117102310062,1.0,6.6105653762817385,0.332,0.0,0.0,0.0,0.0
1,87,0.001304000981617719,1.0,5.609604740142823,0.386,0.0,0.0,0.0,0.0
1,88,0.0012449165410362184,1.0,5.911147403717041,0.36,0.0,0.0,0.0,0.0
1,89,0.0012380489986389875,1.0,5.2881653785705565,0.356,0.0,0.0,0.0,0.0
1,90,0.0013003124832175672,1.0,4.821762561798096,0.304,"tensor(7.2998, device='cuda:0')",0.6929847002029419,0.6012982726097107,0.466
1,91,0.001192952443379909,1.0,5.880699634552002,0.36,0.0,0.0,0.0,0.0
1,92,0.0011658715759404004,1.0,6.530636024475098,0.34,0.0,0.0,0.0,0.0
1,93,0.0014810169744305312,1.0,5.743042945861816,0.298,0.0,0.0,0.0,0.0
1,94,0.0014776857174001634,1.0,6.80280179977417,0.33,0.0,0.0,0.0,0.0
1,95,0.0012309095240198077,1.0,5.857412719726563,0.35,0.0,0.0,0.0,0.0
1,96,0.0013512029009871184,1.0,6.148197269439697,0.358,0.0,0.0,0.0,0.0
1,97,0.0013536675041541458,1.0,5.115106105804443,0.26,0.0,0.0,0.0,0.0
1,98,0.0012595605198293925,1.0,4.814333057403564,0.398,0.0,0.0,0.0,0.0
1,99,0.0013148571061901747,1.0,5.033086967468262,0.374,0.0,0.0,0.0,0.0
1,100,0.001207036681007594,1.0,5.59370059967041,0.382,"tensor(6.6961, device='cuda:0')",0.7923830151557922,0.6623055338859558,0.47
1,101,0.001225904212333262,1.0,5.041667366027832,0.354,0.0,0.0,0.0,0.0
1,102,0.0013934817328117787,1.0,6.986571502685547,0.2,0.0,0.0,0.0,0.0
1,103,0.0013957594125531614,1.0,7.807726860046387,0.274,0.0,0.0,0.0,0.0
1,104,0.001201103578787297,1.0,7.094096374511719,0.296,0.0,0.0,0.0,0.0
1,105,0.0010038130288012326,1.0,6.652386093139649,0.322,0.0,0.0,0.0,0.0
1,106,0.0009818004956468939,1.0,6.949249649047852,0.304,0.0,0.0,0.0,0.0
1,107,0.0012005338328890502,1.0,5.605751419067383,0.214,0.0,0.0,0.0,0.0
1,108,0.001147657127585262,1.0,5.608979797363281,0.326,0.0,0.0,0.0,0.0
1,109,0.0011070737126283347,1.0,6.074523830413819,0.354,0.0,0.0,0.0,0.0
1,110,0.001074929148890078,1.0,5.590455150604248,0.358,"tensor(12.1983, device='cuda:0')",0.6374580264091492,0.611146867275238,0.56
1,111,0.0012052340502850712,1.0,6.109763050079346,0.34,0.0,0.0,0.0,0.0
1,112,0.0012770508299581706,1.0,5.70957317352295,0.224,0.0,0.0,0.0,0.0
1,113,0.0010545326257124542,1.0,5.477212047576904,0.352,0.0,0.0,0.0,0.0
1,114,0.0010651322919875384,1.0,6.131099224090576,0.35,0.0,0.0,0.0,0.0
1,115,0.0012388371722772717,1.0,6.732554626464844,0.308,0.0,0.0,0.0,0.0
1,116,0.001586064633447677,1.0,6.886822700500488,0.204,0.0,0.0,0.0,0.0
1,117,0.0012647564266808332,1.0,6.949647712707519,0.2,0.0,0.0,0.0,0.0
1,118,0.0012639056611806155,1.0,11.538769721984863,0.2,0.0,0.0,0.0,0.0
1,119,0.0012437407043762506,1.0,6.402476406097412,0.2,0.0,0.0,0.0,0.0
1,120,0.0011321896291337907,1.0,3.897126245498657,0.38,"tensor(10.2803, device='cuda:0')",0.6455545425415039,0.5867039561271667,0.528
1,121,0.0010245679109357297,1.0,6.688409233093262,0.312,0.0,0.0,0.0,0.0
1,122,0.0012770304479636251,1.0,4.5057042121887205,0.378,0.0,0.0,0.0,0.0
1,123,0.0009686263417825103,1.0,6.170818042755127,0.336,0.0,0.0,0.0,0.0
1,124,0.0008909692196175456,1.0,4.238052320480347,0.358,0.0,0.0,0.0,0.0
1,125,0.0009006588812917471,1.0,5.253648090362549,0.352,0.0,0.0,0.0,0.0
1,126,0.0010961551032960416,1.0,5.966633319854736,0.208,0.0,0.0,0.0,0.0
1,127,0.0011087309662252665,1.0,6.128386783599853,0.344,0.0,0.0,0.0,0.0
1,128,0.001016420852392912,1.0,4.304693508148193,0.32,0.0,0.0,0.0,0.0
1,129,0.0008992641675285995,1.0,5.747253894805908,0.356,0.0,0.0,0.0,0.0
1,130,0.0010833391768392175,1.0,6.608705043792725,0.302,"tensor(10.8142, device='cuda:0')",0.7460381984710693,0.5869430303573608,0.474
1,131,0.0011174305947497488,1.0,4.687079334259034,0.258,0.0,0.0,0.0,0.0
1,132,0.037170999564696106,0.9884444444444445,95.94051361083984,0.2,0.0,0.0,0.0,0.0
1,133,0.7205074787139892,0.7275555555555555,120.23788757324219,0.2,0.0,0.0,0.0,0.0
1,134,0.6671946215629577,0.7488888888888889,67.77424240112305,0.2,0.0,0.0,0.0,0.0
1,135,0.5020847618579865,0.8057777777777778,238.83016357421874,0.2,0.0,0.0,0.0,0.0
1,136,0.395573114156723,0.8466666666666667,10.241848564147949,0.2,0.0,0.0,0.0,0.0
1,137,0.2912587422132492,0.8897777777777778,57.012813568115234,0.2,0.0,0.0,0.0,0.0
1,138,0.17320061475038528,0.9426666666666667,9.371384048461914,0.196,0.0,0.0,0.0,0.0
1,139,0.11757458686828613,0.9573333333333334,4.554361343383789,0.31,0.0,0.0,0.0,0.0
1,140,0.1069283600896597,0.9675555555555555,464.91865234375,0.2,"tensor(13.2185, device='cuda:0')",0.031667739152908325,1.0000189542770386,0.056
1,141,0.16035803258419037,0.9448888888888889,9.47761516571045,0.2,0.0,0.0,0.0,0.0
1,142,0.131822050511837,0.9573333333333334,128.2243423461914,0.2,0.0,0.0,0.0,0.0
1,143,0.08547156102955342,0.9702222222222222,7.152948474884033,0.234,0.0,0.0,0.0,0.0
1,144,0.07503394022583962,0.9724444444444444,18.510787963867188,0.2,0.0,0.0,0.0,0.0
1,145,0.03691648926585913,0.9893333333333333,6.978132820129394,0.298,0.0,0.0,0.0,0.0
1,146,0.014151482358574868,0.9968888888888889,40.792998504638675,0.2,0.0,0.0,0.0,0.0
1,147,0.005834084376692772,0.9995555555555555,10.007940483093261,0.2,0.0,0.0,0.0,0.0
1,148,0.002572185401804745,1.0,5.165741634368897,0.398,0.0,0.0,0.0,0.0
1,149,0.0014217539643868805,1.0,7.870131206512451,0.226,0.0,0.0,0.0,0.0
1,150,0.0012153732741717249,1.0,9.355294609069825,0.206,"tensor(22.6673, device='cuda:0')",0.5347926616668701,0.8019035458564758,0.272
1,151,0.0011532763042487204,1.0,7.270623111724854,0.292,0.0,0.0,0.0,0.0
1,152,0.0009354861418250948,1.0,4.780593013763427,0.348,0.0,0.0,0.0,0.0
1,153,0.0010388910002075136,1.0,7.186680793762207,0.276,0.0,0.0,0.0,0.0
1,154,0.0007283663051202893,1.0,8.222865867614747,0.25,0.0,0.0,0.0,0.0
1,155,0.00110766778816469,1.0,8.364641284942627,0.23,0.0,0.0,0.0,0.0
1,156,0.0011256102984771132,1.0,7.6840660095214846,0.256,0.0,0.0,0.0,0.0
1,157,0.0007892053539399058,1.0,6.457317352294922,0.316,0.0,0.0,0.0,0.0
1,158,0.0007945442921482027,1.0,7.012131786346435,0.278,0.0,0.0,0.0,0.0
1,159,0.000856210037600249,1.0,7.680025672912597,0.262,0.0,0.0,0.0,0.0
1,160,0.0010353994683828206,1.0,5.906594848632812,0.31,"tensor(8.2111, device='cuda:0')",0.707152247428894,0.511740505695343,0.49
1,161,0.0008306615380570293,1.0,7.734743595123291,0.25,0.0,0.0,0.0,0.0
1,162,0.0009839370939880609,1.0,7.293860626220703,0.252,0.0,0.0,0.0,0.0
1,163,0.0014695754274725915,1.0,4.749232292175293,0.37,0.0,0.0,0.0,0.0
1,164,0.0013142864569090306,1.0,5.204747009277344,0.35,0.0,0.0,0.0,0.0
1,165,0.0018079259688965977,1.0,7.655304622650147,0.232,0.0,0.0,0.0,0.0
1,166,0.0011153500177897512,1.0,4.241877841949463,0.33,0.0,0.0,0.0,0.0
1,167,0.0012482844409532844,1.0,6.950092411041259,0.254,0.0,0.0,0.0,0.0
1,168,0.0012034314149059356,1.0,4.799571704864502,0.226,0.0,0.0,0.0,0.0
1,169,0.001036757181864232,1.0,4.116632270812988,0.398,0.0,0.0,0.0,0.0
1,170,0.0009343149873893708,1.0,5.589154052734375,0.314,"tensor(7.6283, device='cuda:0')",0.7222192883491516,0.47120019793510437,0.494
1,171,0.0010331335908267648,1.0,6.954770278930664,0.246,0.0,0.0,0.0,0.0
1,172,0.001015122664393857,1.0,7.769602870941162,0.24,0.0,0.0,0.0,0.0
1,173,0.001432733996771276,1.0,4.051250076293945,0.324,0.0,0.0,0.0,0.0
1,174,0.0009881251095794142,1.0,6.4383769035339355,0.272,0.0,0.0,0.0,0.0
1,175,0.001058454514713958,1.0,4.687237930297852,0.328,0.0,0.0,0.0,0.0
1,176,0.0010036084451712668,1.0,4.563371086120606,0.358,0.0,0.0,0.0,0.0
1,177,0.0009960861084982752,1.0,5.76673469543457,0.302,0.0,0.0,0.0,0.0
1,178,0.0010598163912072778,1.0,7.79057731628418,0.228,0.0,0.0,0.0,0.0
1,179,0.0010817788960412146,1.0,5.169874286651611,0.338,0.0,0.0,0.0,0.0
1,180,0.0009608606016263365,1.0,6.8073851585388185,0.258,"tensor(15.9746, device='cuda:0')",0.8088952898979187,0.7872998118400574,0.362
1,181,0.0011070117913186551,1.0,5.766528797149658,0.316,0.0,0.0,0.0,0.0
1,182,0.0010256709670647978,1.0,6.931278419494629,0.264,0.0,0.0,0.0,0.0
1,183,0.0011598171759396791,1.0,5.835313129425049,0.296,0.0,0.0,0.0,0.0
1,184,0.0011544397892430424,1.0,4.9055451393127445,0.286,0.0,0.0,0.0,0.0
1,185,0.0012050510407425462,1.0,5.294563865661621,0.318,0.0,0.0,0.0,0.0
1,186,0.0011289841099642217,1.0,4.513290977478027,0.37,0.0,0.0,0.0,0.0
1,187,0.0011346690240316092,1.0,5.8333508491516115,0.312,0.0,0.0,0.0,0.0
1,188,0.001025973898358643,1.0,7.085344886779785,0.254,0.0,0.0,0.0,0.0
1,189,0.0012718585855327547,1.0,7.7635749816894535,0.226,0.0,0.0,0.0,0.0
1,190,0.0009781351336278022,1.0,6.983304595947265,0.244,"tensor(10.6602, device='cuda:0')",0.7289169430732727,0.7294624447822571,0.296
1,191,0.0010307241789996623,1.0,6.681204319000244,0.264,0.0,0.0,0.0,0.0
1,192,0.0010897475481033325,1.0,6.627464294433594,0.272,0.0,0.0,0.0,0.0
1,193,0.00111775326076895,1.0,6.6519872665405275,0.268,0.0,0.0,0.0,0.0
1,194,0.0011540838424116374,1.0,4.862622547149658,0.35,0.0,0.0,0.0,0.0
1,195,0.0009395128907635808,1.0,5.067600917816162,0.352,0.0,0.0,0.0,0.0
1,196,0.0010405859793536365,1.0,5.01723165512085,0.338,0.0,0.0,0.0,0.0
1,197,0.0010148988268338143,1.0,6.35643253326416,0.262,0.0,0.0,0.0,0.0
1,198,0.0009302854398265481,1.0,4.155364561080932,0.376,0.0,0.0,0.0,0.0
1,199,0.001205362929031253,1.0,3.839581251144409,0.318,0.0,0.0,0.0,0.0
1,200,0.0010591837321408093,1.0,7.284098339080811,0.224,"tensor(9.8906, device='cuda:0')",0.6833996772766113,0.7701655626296997,0.26
2,1,2.7931016731262206,0.20177777777777778,3.135647916793823,0.2,0.0,0.0,0.0,0.0
2,2,1.7123278856277466,0.19244444444444445,1.663959813117981,0.2,0.0,0.0,0.0,0.0
2,3,1.6318505096435547,0.1991111111111111,1.620894432067871,0.2,0.0,0.0,0.0,0.0
2,4,1.624388680458069,0.184,1.6139225006103515,0.2,0.0,0.0,0.0,0.0
2,5,1.6218487548828124,0.184,1.6190754413604735,0.2,0.0,0.0,0.0,0.0
2,6,1.6306655597686768,0.196,1.616878914833069,0.2,0.0,0.0,0.0,0.0
2,7,1.6231546020507812,0.20755555555555555,1.6136555433273316,0.2,0.0,0.0,0.0,0.0
2,8,1.6174684190750122,0.196,1.613599681854248,0.2,0.0,0.0,0.0,0.0
2,9,1.6183732223510743,0.18666666666666668,1.6163341760635377,0.2,0.0,0.0,0.0,0.0
2,10,1.6149088191986083,0.2,1.6132339477539062,0.2,"tensor(11.9997, device='cuda:0')",0.0029845531098544598,0.9841980338096619,0.302
2,11,1.6115011119842528,0.19244444444444445,1.6103190660476685,0.2,0.0,0.0,0.0,0.0
2,12,1.6123618364334107,0.19777777777777777,1.6124337673187257,0.2,0.0,0.0,0.0,0.0
2,13,1.615038619041443,0.18888888888888888,1.609270739555359,0.2,0.0,0.0,0.0,0.0
2,14,1.6171939373016357,0.2031111111111111,1.611286449432373,0.2,0.0,0.0,0.0,0.0
2,15,1.6110942697525024,0.20444444444444446,1.6112345933914185,0.2,0.0,0.0,0.0,0.0
2,16,1.611904845237732,0.19466666666666665,1.6169444561004638,0.2,0.0,0.0,0.0,0.0
2,17,1.6154371404647827,0.18044444444444444,1.609573483467102,0.2,0.0,0.0,0.0,0.0
2,18,1.611264295578003,0.19555555555555557,1.609855628013611,0.2,0.0,0.0,0.0,0.0
2,19,1.606412935256958,0.21333333333333335,1.6103639125823974,0.2,0.0,0.0,0.0,0.0
2,20,1.5197060012817383,0.332,3.588577461242676,0.2,"tensor(21.7228, device='cuda:0')",0.010507958941161633,0.8745508193969727,0.32
2,21,1.4083128118515014,0.3662222222222222,8.358617496490478,0.2,0.0,0.0,0.0,0.0
2,22,1.3477469158172608,0.4026666666666667,3.3246715545654295,0.2,0.0,0.0,0.0,0.0
2,23,1.3342143201828003,0.4017777777777778,6.102621364593506,0.2,0.0,0.0,0.0,0.0
2,24,1.251863374710083,0.44622222222222224,64.42505493164063,0.2,0.0,0.0,0.0,0.0
2,25,1.1974155330657958,0.47155555555555556,66.10808715820312,0.2,0.0,0.0,0.0,0.0
2,26,1.1150804376602172,0.5235555555555556,43.37643203735352,0.2,0.0,0.0,0.0,0.0
2,27,1.0730950665473937,0.5488888888888889,68.12680892944336,0.2,0.0,0.0,0.0,0.0
2,28,1.04194566488266,0.5462222222222223,3.54775390625,0.2,0.0,0.0,0.0,0.0
2,29,1.0016796612739562,0.5644444444444444,85.37583465576172,0.2,0.0,0.0,0.0,0.0
2,30,0.9439955878257752,0.5968888888888889,139.01410217285155,0.2,"tensor(24.5304, device='cuda:0')",0.07810460776090622,1.0192899703979492,0.258
2,31,0.9317306518554688,0.6097777777777778,131.8406967163086,0.2,0.0,0.0,0.0,0.0
2,32,0.8722096943855285,0.6337777777777778,8.471561622619628,0.2,0.0,0.0,0.0,0.0
2,33,0.8442638301849366,0.6533333333333333,19.139366912841798,0.2,0.0,0.0,0.0,0.0
2,34,0.8223786044120789,0.6591111111111111,9.923842620849609,0.2,0.0,0.0,0.0,0.0
2,35,0.7275280165672302,0.7111111111111111,2.2620855808258056,0.282,0.0,0.0,0.0,0.0
2,36,0.6679144549369812,0.7333333333333333,9.98364429473877,0.2,0.0,0.0,0.0,0.0
2,37,0.6364779341220855,0.7444444444444445,148.8409454345703,0.2,0.0,0.0,0.0,0.0
2,38,0.5977622210979462,0.7622222222222222,6.796800899505615,0.206,0.0,0.0,0.0,0.0
2,39,0.5372242820262909,0.7862222222222223,17.422201538085936,0.2,0.0,0.0,0.0,0.0
2,40,0.46841088771820066,0.8182222222222222,60.869163513183594,0.2,"tensor(17.8190, device='cuda:0')",0.10663458704948425,1.0037118196487427,0.322
2,41,0.40906458258628847,0.8453333333333334,158.69561157226562,0.2,0.0,0.0,0.0,0.0
2,42,0.39714470505714417,0.8555555555555555,34.46507949829102,0.2,0.0,0.0,0.0,0.0
2,43,0.3170882207155228,0.8755555555555555,35.364208984375,0.222,0.0,0.0,0.0,0.0
2,44,0.2621129208803177,0.9066666666666666,6.467232894897461,0.2,0.0,0.0,0.0,0.0
2,45,0.28652412474155425,0.8911111111111111,12.189518928527832,0.2,0.0,0.0,0.0,0.0
2,46,0.20958105355501175,0.9257777777777778,21.41950798034668,0.2,0.0,0.0,0.0,0.0
2,47,0.13547000139951706,0.9546666666666667,101.07487030029297,0.2,0.0,0.0,0.0,0.0
2,48,0.09296377047896386,0.9706666666666667,14.65484619140625,0.186,0.0,0.0,0.0,0.0
2,49,0.10740002512931823,0.9666666666666667,19.75295295715332,0.19,0.0,0.0,0.0,0.0
2,50,0.09742234483361244,0.9688888888888889,68.57322387695312,0.2,"tensor(10.7299, device='cuda:0')",0.07895549386739731,0.9894474148750305,0.246
2,51,0.09176766976714135,0.9706666666666667,32.52186813354492,0.2,0.0,0.0,0.0,0.0
2,52,0.06267278604209423,0.984,21.609363174438478,0.2,0.0,0.0,0.0,0.0
2,53,0.04895665820688009,0.9866666666666667,28.744548797607422,0.2,0.0,0.0,0.0,0.0
2,54,0.03966197788715362,0.9888888888888889,3.216962194442749,0.206,0.0,0.0,0.0,0.0
2,55,0.04257271993905306,0.9884444444444445,102.02436828613281,0.2,0.0,0.0,0.0,0.0
2,56,0.030068893320858478,0.9928888888888889,21.792173385620117,0.2,0.0,0.0,0.0,0.0
2,57,0.0213864909298718,0.9951111111111111,11.934065628051759,0.2,0.0,0.0,0.0,0.0
2,58,0.01722240885719657,0.9968888888888889,16.742808532714843,0.2,0.0,0.0,0.0,0.0
2,59,0.014638504926115275,0.9973333333333333,7.525730609893799,0.2,0.0,0.0,0.0,0.0
2,60,0.00556986328214407,0.9995555555555555,12.095620155334473,0.2,"tensor(12.2670, device='cuda:0')",0.08392300456762314,0.9780556559562683,0.174
2,61,0.0034203032311052083,1.0,6.40328893661499,0.222,0.0,0.0,0.0,0.0
2,62,0.001799327249173075,1.0,2.1181816816329957,0.356,0.0,0.0,0.0,0.0
2,63,0.0015787755209021271,1.0,3.146063232421875,0.314,0.0,0.0,0.0,0.0
2,64,0.0012188225868158043,1.0,3.1399052143096924,0.258,0.0,0.0,0.0,0.0
2,65,0.0012327897571958602,1.0,2.7177342891693117,0.276,0.0,0.0,0.0,0.0
2,66,0.001605235137976706,1.0,2.8511710166931152,0.258,0.0,0.0,0.0,0.0
2,67,0.0013900215644389391,1.0,3.846873712539673,0.22,0.0,0.0,0.0,0.0
2,68,0.0012978274142369628,1.0,3.5774558067321776,0.276,0.0,0.0,0.0,0.0
2,69,0.0013652905425988139,1.0,2.821534299850464,0.268,0.0,0.0,0.0,0.0
2,70,0.0013297241344116628,1.0,1.8763403654098512,0.466,"tensor(3.0688, device='cuda:0')",0.5409597158432007,0.5159555673599243,0.53
2,71,0.0013489454449154437,1.0,3.2473455905914306,0.272,0.0,0.0,0.0,0.0
2,72,0.001346144808921963,1.0,2.64945273399353,0.316,0.0,0.0,0.0,0.0
2,73,0.0015692136017605661,1.0,6.445866298675537,0.212,0.0,0.0,0.0,0.0
2,74,0.0012521083233878016,1.0,2.577475595474243,0.298,0.0,0.0,0.0,0.0
2,75,0.001403620122000575,1.0,2.108987283706665,0.372,0.0,0.0,0.0,0.0
2,76,0.001319017056375742,1.0,3.5990633010864257,0.234,0.0,0.0,0.0,0.0
2,77,0.0012615192122757434,1.0,2.5560893535614015,0.288,0.0,0.0,0.0,0.0
2,78,0.0014384027617052198,1.0,3.257480764389038,0.268,0.0,0.0,0.0,0.0
2,79,0.0014630129747092724,1.0,6.167872905731201,0.214,0.0,0.0,0.0,0.0
2,80,0.0014097382500767707,1.0,2.597067928314209,0.256,"tensor(3.9538, device='cuda:0')",0.3990255296230316,0.6825685501098633,0.358
2,81,0.0013836417370475828,1.0,1.6393503189086913,0.486,0.0,0.0,0.0,0.0
2,82,0.0016157596954144537,1.0,2.4853803157806396,0.3,0.0,0.0,0.0,0.0
2,83,0.0013494554674252867,1.0,2.34460711479187,0.282,0.0,0.0,0.0,0.0
2,84,0.001455428684130311,1.0,2.478468656539917,0.322,0.0,0.0,0.0,0.0
2,85,0.0013417365355417132,1.0,1.7707982540130616,0.38,0.0,0.0,0.0,0.0
2,86,0.0014461201592348516,1.0,2.400318908691406,0.288,0.0,0.0,0.0,0.0
2,87,0.0013751511787995696,1.0,2.2815226554870605,0.34,0.0,0.0,0.0,0.0
2,88,0.001447048606351018,1.0,1.8917719364166259,0.402,0.0,0.0,0.0,0.0
2,89,0.0014321441086940468,1.0,2.411644124984741,0.28,0.0,0.0,0.0,0.0
2,90,0.0013935316959396004,1.0,1.9272439002990722,0.378,"tensor(6.2273, device='cuda:0')",0.4221923053264618,0.5327125191688538,0.524
2,91,0.0012769826268777252,1.0,2.180990433692932,0.37,0.0,0.0,0.0,0.0
2,92,0.0013966065365821124,1.0,1.8525830030441284,0.368,0.0,0.0,0.0,0.0
2,93,0.0014717632858082651,1.0,4.370088291168213,0.222,0.0,0.0,0.0,0.0
2,94,0.001634942884556949,1.0,3.442113447189331,0.224,0.0,0.0,0.0,0.0
2,95,0.0013053961261175573,1.0,2.7540258407592773,0.236,0.0,0.0,0.0,0.0
2,96,0.0014124542893841864,1.0,2.0281238079071047,0.346,0.0,0.0,0.0,0.0
2,97,0.0011762697296217083,1.0,2.366212177276611,0.284,0.0,0.0,0.0,0.0
2,98,0.0012366527458652853,1.0,3.1868158340454102,0.27,0.0,0.0,0.0,0.0
2,99,0.0014459888800047338,1.0,5.7972818374633786,0.206,0.0,0.0,0.0,0.0
2,100,0.0014034726680256426,1.0,3.235478401184082,0.246,"tensor(6.8082, device='cuda:0')",0.37017133831977844,0.7990767955780029,0.196
2,101,0.0012286844290792943,1.0,1.7304075241088868,0.494,0.0,0.0,0.0,0.0
2,102,0.0025591852189972997,1.0,3.643735647201538,0.184,0.0,0.0,0.0,0.0
2,103,0.015144421439617872,0.9968888888888889,94.23248138427735,0.2,0.0,0.0,0.0,0.0
2,104,0.6376870146393776,0.7666666666666667,439.75714111328125,0.2,0.0,0.0,0.0,0.0
2,105,0.548483167886734,0.792,2.567823123931885,0.2,0.0,0.0,0.0,0.0
2,106,0.4238206744194031,0.8382222222222222,176.32378540039062,0.2,0.0,0.0,0.0,0.0
2,107,0.23730906307697297,0.924,140.0766357421875,0.2,0.0,0.0,0.0,0.0
2,108,0.12132565706968307,0.9671111111111111,119.87860870361328,0.2,0.0,0.0,0.0,0.0
2,109,0.10555836856365204,0.9635555555555556,51.02161483764648,0.2,0.0,0.0,0.0,0.0
2,110,0.11920353502035141,0.9604444444444444,2.412808132171631,0.202,"tensor(7.2396, device='cuda:0')",0.34432321786880493,0.78105229139328,0.248
2,111,0.09084630325436592,0.972,13.378240966796875,0.2,0.0,0.0,0.0,0.0
2,112,0.07924549266695977,0.9715555555555555,60.598731994628906,0.2,0.0,0.0,0.0,0.0
2,113,0.06994999781250953,0.9804444444444445,2.8942440509796143,0.192,0.0,0.0,0.0,0.0
2,114,0.05863296087831259,0.9817777777777777,139.79259643554687,0.2,0.0,0.0,0.0,0.0
2,115,0.07306888155639171,0.976,3.0417080879211427,0.192,0.0,0.0,0.0,0.0
2,116,0.052909941747784614,0.9844444444444445,16.475954627990724,0.2,0.0,0.0,0.0,0.0
2,117,0.03468626815825701,0.9902222222222222,70.11372680664063,0.2,0.0,0.0,0.0,0.0
2,118,0.021923048216849567,0.9942222222222222,26.547945404052733,0.2,0.0,0.0,0.0,0.0
2,119,0.016240549329668282,0.9955555555555555,44.75986557006836,0.2,0.0,0.0,0.0,0.0
2,120,0.008620581962168217,0.9991111111111111,14.613263130187988,0.2,"tensor(9.9362, device='cuda:0')",0.4825086295604706,0.8655710220336914,0.282
2,121,0.006926394267939031,0.9977777777777778,10.197393608093261,0.2,0.0,0.0,0.0,0.0
2,122,0.005567048853263259,0.9986666666666667,22.627173614501952,0.2,0.0,0.0,0.0,0.0
2,123,0.0024387396359816195,1.0,2.3232800006866454,0.334,0.0,0.0,0.0,0.0
2,124,0.0013821438257582486,1.0,1.9239699363708496,0.418,0.0,0.0,0.0,0.0
2,125,0.0010382206563372164,1.0,1.8109568357467651,0.398,0.0,0.0,0.0,0.0
2,126,0.0009746716171503067,1.0,1.9123769998550415,0.352,0.0,0.0,0.0,0.0
2,127,0.0010275912610813976,1.0,2.0458171129226685,0.332,0.0,0.0,0.0,0.0
2,128,0.0009708899597171694,1.0,2.6104524612426756,0.274,0.0,0.0,0.0,0.0
2,129,0.0008954032242763787,1.0,1.3431724786758423,0.558,0.0,0.0,0.0,0.0
2,130,0.0008467200840823352,1.0,1.441644024848938,0.51,"tensor(2.8938, device='cuda:0')",0.5410903096199036,0.308068186044693,0.732
2,131,0.0009534525382332504,1.0,1.8170299530029297,0.396,0.0,0.0,0.0,0.0
2,132,0.0009089521644636988,1.0,2.30223069190979,0.304,0.0,0.0,0.0,0.0
2,133,0.0010099250357598066,1.0,2.0431556940078734,0.338,0.0,0.0,0.0,0.0
2,134,0.0009811255452223122,1.0,1.5446203231811524,0.452,0.0,0.0,0.0,0.0
2,135,0.0010241037979722024,1.0,2.549883270263672,0.298,0.0,0.0,0.0,0.0
2,136,0.0010195874492637813,1.0,1.5996466159820557,0.446,0.0,0.0,0.0,0.0
2,137,0.001120937776286155,1.0,2.3493605613708497,0.278,0.0,0.0,0.0,0.0
2,138,0.0011322959745302796,1.0,1.5911680459976196,0.414,0.0,0.0,0.0,0.0
2,139,0.0010972478101029992,1.0,1.6771898508071899,0.374,0.0,0.0,0.0,0.0
2,140,0.0014135578460991382,1.0,1.0378339171409607,0.66,"tensor(2.0164, device='cuda:0')",0.5105085372924805,0.2290211170911789,0.848
2,141,0.0010183716053143144,1.0,1.2816630125045776,0.51,0.0,0.0,0.0,0.0
2,142,0.0010379509069025517,1.0,2.298514556884766,0.256,0.0,0.0,0.0,0.0
2,143,0.0010451233852654695,1.0,1.405761981010437,0.484,0.0,0.0,0.0,0.0
2,144,0.0012925178022123874,1.0,1.6724400758743285,0.396,0.0,0.0,0.0,0.0
2,145,0.0011041227611713112,1.0,1.804280161857605,0.392,0.0,0.0,0.0,0.0
2,146,0.0010115185985341668,1.0,1.7331143856048583,0.38,0.0,0.0,0.0,0.0
2,147,0.0010568972979672253,1.0,1.6414933919906616,0.418,0.0,0.0,0.0,0.0
2,148,0.0012153152259998024,1.0,2.111044764518738,0.33,0.0,0.0,0.0,0.0
2,149,0.0013027360383421182,1.0,1.7700409889221191,0.344,0.0,0.0,0.0,0.0
2,150,0.001205524429678917,1.0,2.1551154613494874,0.378,"tensor(9.9822, device='cuda:0')",0.6254843473434448,0.45699530839920044,0.474
2,151,0.0013584394031204282,1.0,1.2728686094284059,0.572,0.0,0.0,0.0,0.0
2,152,0.0012381901522167027,1.0,3.243751955032349,0.236,0.0,0.0,0.0,0.0
2,153,0.001268774236086756,1.0,2.238909959793091,0.338,0.0,0.0,0.0,0.0
2,154,0.0012608878430910408,1.0,1.2487043619155884,0.562,0.0,0.0,0.0,0.0
2,155,0.0011670998041518033,1.0,1.2306483745574952,0.548,0.0,0.0,0.0,0.0
2,156,0.0012688855826854706,1.0,1.5243520259857177,0.44,0.0,0.0,0.0,0.0
2,157,0.0009917881991714239,1.0,2.731892490386963,0.322,0.0,0.0,0.0,0.0
2,158,0.0011899748095311224,1.0,1.8581259727478028,0.366,0.0,0.0,0.0,0.0
2,159,0.0010263693565502763,1.0,2.928492784500122,0.216,0.0,0.0,0.0,0.0
2,160,0.0011712312302552164,1.0,1.888340163230896,0.324,"tensor(7.4656, device='cuda:0')",0.5325677990913391,0.5575094223022461,0.47
2,161,0.0011188126262277364,1.0,1.5893531560897827,0.388,0.0,0.0,0.0,0.0
2,162,0.0010724066151306033,1.0,2.122294306755066,0.33,0.0,0.0,0.0,0.0
2,163,0.0011856668326072394,1.0,2.1201732635498045,0.378,0.0,0.0,0.0,0.0
2,164,0.001237138828728348,1.0,1.44146831035614,0.456,0.0,0.0,0.0,0.0
2,165,0.0009895603638142348,1.0,1.7171077728271484,0.442,0.0,0.0,0.0,0.0
2,166,0.0011282378039322793,1.0,1.4666633367538453,0.48,0.0,0.0,0.0,0.0
2,167,0.0012106458307243884,1.0,1.7703118562698363,0.356,0.0,0.0,0.0,0.0
2,168,0.0010060017765499652,1.0,2.0858535289764406,0.314,0.0,0.0,0.0,0.0
2,169,0.001168106566183269,1.0,1.444115447998047,0.516,0.0,0.0,0.0,0.0
2,170,0.0011032714135944843,1.0,2.7506686210632325,0.362,"tensor(9.7735, device='cuda:0')",0.6104499697685242,0.46386033296585083,0.45
2,171,0.0010360668669454752,1.0,1.431465458869934,0.434,0.0,0.0,0.0,0.0
2,172,0.0010961752524599434,1.0,2.7145095825195313,0.312,0.0,0.0,0.0,0.0
2,173,0.001139967383351177,1.0,2.015625238418579,0.35,0.0,0.0,0.0,0.0
2,174,0.0011294806259684264,1.0,1.8472001075744628,0.342,0.0,0.0,0.0,0.0
2,175,0.0011472748150117694,1.0,1.9636234521865845,0.342,0.0,0.0,0.0,0.0
2,176,0.0011289266520179808,1.0,3.0632044315338134,0.342,0.0,0.0,0.0,0.0
2,177,0.0012761413282714783,1.0,1.614262294769287,0.442,0.0,0.0,0.0,0.0
2,178,0.0010401452146470546,1.0,2.585814189910889,0.316,0.0,0.0,0.0,0.0
2,179,0.0010145061463117599,1.0,2.0378967761993407,0.296,0.0,0.0,0.0,0.0
2,180,0.0009838568908162415,1.0,2.8457040309906008,0.31,"tensor(17.3682, device='cuda:0')",0.6408728361129761,0.551594078540802,0.38
2,181,0.0010667770402505994,1.0,2.457045793533325,0.412,0.0,0.0,0.0,0.0
2,182,0.0008717578160576522,1.0,1.5905532121658326,0.406,0.0,0.0,0.0,0.0
2,183,0.000956873360555619,1.0,2.5362608432769775,0.302,0.0,0.0,0.0,0.0
2,184,0.0009637835714966059,1.0,2.4017560482025146,0.37,0.0,0.0,0.0,0.0
2,185,0.0009824578510597348,1.0,1.78868887424469,0.36,0.0,0.0,0.0,0.0
2,186,0.001132656263653189,1.0,2.2421035289764406,0.358,0.0,0.0,0.0,0.0
2,187,0.0009789673122577369,1.0,1.7128238677978516,0.404,0.0,0.0,0.0,0.0
2,188,0.0009796480368822814,1.0,2.612336015701294,0.26,0.0,0.0,0.0,0.0
2,189,0.0011118334671482444,1.0,1.75145263671875,0.426,0.0,0.0,0.0,0.0
2,190,0.0009465486346744001,1.0,1.9672786474227906,0.38,"tensor(8.7815, device='cuda:0')",0.5845552682876587,0.3378441631793976,0.574
2,191,0.001057913328986615,1.0,2.427474784851074,0.28,0.0,0.0,0.0,0.0
2,192,0.0010552909900434315,1.0,2.7660902976989745,0.258,0.0,0.0,0.0,0.0
2,193,0.0011163072823546826,1.0,3.4019516468048097,0.23,0.0,0.0,0.0,0.0
2,194,0.0009693508083000779,1.0,1.2996955633163452,0.552,0.0,0.0,0.0,0.0
2,195,0.0009899655915796756,1.0,1.588870072364807,0.512,0.0,0.0,0.0,0.0
2,196,0.0011325576063245535,1.0,2.0778506994247437,0.262,0.0,0.0,0.0,0.0
2,197,0.001262021886650473,1.0,1.6582579135894775,0.516,0.0,0.0,0.0,0.0
2,198,0.0009978525270707905,1.0,1.2981943130493163,0.538,0.0,0.0,0.0,0.0
2,199,0.0010828427691012622,1.0,5.11670446395874,0.232,0.0,0.0,0.0,0.0
2,200,0.001051966401282698,1.0,2.424874258041382,0.302,"tensor(11.8906, device='cuda:0')",0.5389423966407776,0.4982163608074188,0.434
